label1,label2,squared_distance
0,1,0.5
0,2,0.5
0,3,0.5
0,4,0.1875
0,5,1.1875
0,6,1.1875
0,7,1.1875
0,8,1
0,16,1
0,18,0.5
0,19,0.5
0,20,0.6875
0,22,0.6875
0,23,0.6875
0,24,1
0,48,1
0,49,0.5
0,51,0.5
0,52,0.6875
0,53,0.6875
0,54,0.6875
0,67,0.5
0,68,1.1875
0,69,1.1875
0,70,0.1875
0,71,1.1875
0,72,1
0,144,1
0,145,0.5
0,146,0.5
0,148,0.6875
0,149,0.6875
0,151,0.6875
0,162,0.5
0,164,1.1875
0,165,1.1875
0,166,1.1875
0,167,0.1875
0,193,0.5
0,196,1.1875
0,197,0.1875
0,198,1.1875
0,199,1.1875
0,213,0.6875
0,214,0.6875
0,215,0.6875
1,2,0.5
1,3,0.5
1,4,0.1875
1,5,0.1875
1,6,0.6875
1,7,0.6875
1,9,1
1,17,1
1,18,0.5
1,19,0.5
1,20,0.6875
1,21,0.6875
1,22,0.1875
1,23,0.1875
1,24,0.5
1,25,1
1,26,0.5
1,28,0.6875
1,31,1.1875
1,42,0.5
1,44,1.1875
1,47,0.6875
1,49,1
1,53,0.6875
1,54,1.1875
1,69,1.1875
1,70,0.6875
1,72,0.5
1,73,1
1,75,0.5
1,76,0.6875
1,78,1.1875
1,91,0.5
1,92,1.1875
1,94,0.6875
1,96,0.5
1,100,1.1875
1,142,1.1875
1,145,1
1,149,0.6875
1,151,1.1875
1,165,1.1875
1,167,0.6875
1,191,1.1875
1,197,1.1875
2,3,0.5
2,4,0.1875
2,5,0.6875
2,6,0.6875
2,7,0.1875
2,8,0.5
2,9,0.5
2,10,1
2,12,0.6875
2,13,1.1875
2,18,1
2,22,1.1875
2,23,0.6875
2,26,1
2,49,0.5
2,50,1
2,51,0.5
2,52,0.6875
2,53,0.1875
2,54,0.1875
2,55,0.6875
2,57,0.5
2,60,1.1875
2,61,0.6875
2,70,0.6875
2,71,1.1875
2,72,0.5
2,74,1
2,75,0.5
2,76,0.6875
2,78,1.1875
2,80,0.5
2,84,1.1875
2,123,0.5
2,124,1.1875
2,126,0.6875
2,142,1.1875
2,146,1
2,149,1.1875
2,151,0.6875
2,167,1.1875
2,197,0.6875
2,199,1.1875
2,205,1.1875
3,4,0.1875
3,5,0.6875
3,6,0.1875
3,7,0.6875
3,8,0.5
3,9,0.5
3,11,1
3,12,0.6875
3,13,1.1875
3,19,1
3,22,0.6875
3,23,1.1875
3,24,0.5
3,26,0.5
3,27,1
3,28,0.6875
3,31,1.1875
3,32,0.5
3,36,1.1875
3,51,1
3,53,1.1875
3,54,0.6875
3,70,1.1875
3,75,1
3,145,0.5
3,146,0.5
3,147,1
3,148,0.6875
3,149,0.1875
3,150,0.6875
3,151,0.1875
3,153,0.5
3,156,1.1875
3,157,0.6875
3,166,1.1875
3,167,0.6875
3,170,0.5
3,172,1.1875
3,175,0.6875
3,191,1.1875
3,197,0.6875
3,198,1.1875
3,205,1.1875
4,5,0.5
4,6,0.5
4,7,0.5
4,8,0.6875
4,9,0.6875
4,12,1
4,18,0.6875
4,19,0.6875
4,20,1
4,22,0.5
4,23,0.5
4,24,0.6875
4,26,0.6875
4,28,1
4,32,1.1875
4,42,1.1875
4,49,0.6875
4,51,0.6875
4,52,1
4,53,0.5
4,54,0.5
4,57,1.1875
4,67,1.1875
4,70,0.5
4,72,0.6875
4,75,0.6875
4,76,1
4,80,1.1875
4,91,1.1875
4,96,1.1875
4,123,1.1875
4,145,0.6875
4,146,0.6875
4,148,1
4,149,0.5
4,151,0.5
4,153,1.1875
4,162,1.1875
4,167,0.5
4,170,1.1875
4,193,1.1875
4,197,0.5
5,6,0.5
5,7,0.5
5,9,0.6875
5,13,1
5,18,1.1875
5,19,1.1875
5,21,1
5,22,0.5
5,23,0.5
5,24,0.6875
5,25,0.6875
5,26,0.1875
5,27,1.1875
5,28,0.5
5,29,1
5,31,0.5
5,32,1.1875
5,33,1.1875
5,42,0.6875
5,47,0.5
5,53,1
5,72,0.6875
5,73,0.6875
5,74,1.1875
5,75,0.1875
5,76,0.5
5,77,1
5,78,0.5
5,80,1.1875
5,81,1.1875
5,91,0.6875
5,94,0.5
5,96,0.1875
5,97,1.1875
5,98,0.6875
5,99,0.6875
5,100,0.5
5,104,0.6875
5,114,1.1875
5,115,1.1875
5,149,1
6,7,0.5
6,8,0.6875
6,9,0.1875
6,10,1.1875
6,11,0.6875
6,12,0.5
6,13,0.5
6,14,1
6,22,1
6,24,0.6875
6,25,1.1875
6,26,0.1875
6,27,0.6875
6,28,0.5
6,30,1
6,31,0.5
6,32,0.1875
6,33,0.6875
6,34,0.6875
6,35,1.1875
6,36,0.5
6,54,1
6,75,0.6875
6,78,1
6,80,1.1875
6,83,1.1875
6,96,1.1875
6,99,1.1875
6,104,0.6875
6,145,1.1875
6,146,1.1875
6,149,0.5
6,150,1
6,151,0.5
6,153,0.6875
6,157,0.5
6,170,0.6875
6,175,0.5
6,177,1.1875
6,178,1.1875
7,8,0.6875
7,9,0.1875
7,10,0.6875
7,11,1.1875
7,12,0.5
7,13,0.5
7,15,1
7,23,1
7,26,0.6875
7,31,1
7,32,1.1875
7,34,1.1875
7,49,1.1875
7,51,1.1875
7,53,0.5
7,54,0.5
7,55,1
7,57,0.6875
7,61,0.5
7,72,0.6875
7,73,1.1875
7,74,0.6875
7,75,0.1875
7,76,0.5
7,78,0.5
7,79,1
7,80,0.1875
7,81,0.6875
7,82,1.1875
7,83,0.6875
7,84,0.5
7,96,1.1875
7,98,1.1875
7,104,0.6875
7,123,0.6875
7,126,0.5
7,129,1.1875
7,131,1.1875
7,151,1
8,9,0.5
8,10,0.5
8,11,0.5
8,12,0.1875
8,13,1.1875
8,14,1.1875
8,15,1.1875
8,16,1
8,32,1
8,51,0.5
8,52,1.1875
8,53,1.1875
8,54,0.1875
8,55,1.1875
8,56,1
8,57,0.5
8,59,0.5
8,60,0.6875
8,61,0.6875
8,62,0.6875
8,80,1
8,146,0.5
8,148,1.1875
8,149,1.1875
8,150,1.1875
8,151,0.1875
8,152,1
8,153,0.5
8,154,0.5
8,156,0.6875
8,157,0.6875
8,159,0.6875
8,197,0.6875
8,198,0.6875
8,199,0.6875
8,201,0.5
8,204,1.1875
8,205,0.1875
8,206,1.1875
8,207,1.1875
9,10,0.5
9,11,0.5
9,12,0.1875
9,13,0.1875
9,14,0.6875
9,15,0.6875
9,17,1
9,26,0.5
9,28,1.1875
9,31,0.6875
9,32,0.5
9,33,1
9,34,0.5
9,36,0.6875
9,39,1.1875
9,53,1.1875
9,54,0.6875
9,57,1
9,61,0.6875
9,62,1.1875
9,75,0.5
9,76,1.1875
9,78,0.6875
9,80,0.5
9,81,1
9,83,0.5
9,84,0.6875
9,86,1.1875
9,104,0.5
9,108,1.1875
9,126,1.1875
9,149,1.1875
9,151,0.6875
9,153,1
9,157,0.6875
9,159,1.1875
9,175,1.1875
9,205,1.1875
10,11,0.5
10,12,0.1875
10,13,0.6875
10,14,0.6875
10,15,0.1875
10,16,0.5
10,17,0.5
10,18,1
10,20,0.6875
10,21,1.1875
10,34,1
10,54,0.6875
10,55,1.1875
10,57,0.5
10,58,1
10,59,0.5
10,60,0.6875
10,61,0.1875
10,62,0.1875
10,63,0.6875
10,65,0.5
10,68,1.1875
10,69,0.6875
10,80,0.5
10,82,1
10,83,0.5
10,84,0.6875
10,86,1.1875
10,88,0.5
10,92,1.1875
10,126,1.1875
10,131,0.5
10,132,1.1875
10,134,0.6875
10,151,1.1875
10,154,1
10,157,1.1875
10,159,0.6875
10,205,0.6875
10,207,1.1875
10,213,1.1875
11,12,0.1875
11,13,0.6875
11,14,0.1875
11,15,0.6875
11,16,0.5
11,17,0.5
11,19,1
11,20,0.6875
11,21,1.1875
11,32,0.5
11,34,0.5
11,35,1
11,36,0.6875
11,39,1.1875
11,40,0.5
11,44,1.1875
11,54,1.1875
11,59,1
11,61,1.1875
11,62,0.6875
11,83,1
11,150,1.1875
11,151,0.6875
11,153,0.5
11,154,0.5
11,155,1
11,156,0.6875
11,157,0.1875
11,158,0.6875
11,159,0.1875
11,161,0.5
11,164,1.1875
11,165,0.6875
11,175,1.1875
11,178,0.5
11,180,1.1875
11,183,0.6875
11,205,0.6875
11,206,1.1875
11,213,1.1875
12,13,0.5
12,14,0.5
12,15,0.5
12,16,0.6875
12,17,0.6875
12,20,1
12,26,1.1875
12,32,0.6875
12,34,0.6875
12,36,1
12,40,1.1875
12,51,1.1875
12,54,0.5
12,57,0.6875
12,59,0.6875
12,60,1
12,61,0.5
12,62,0.5
12,65,1.1875
12,75,1.1875
12,80,0.6875
12,83,0.6875
12,84,1
12,88,1.1875
12,104,1.1875
12,131,1.1875
12,146,1.1875
12,151,0.5
12,153,0.6875
12,154,0.6875
12,156,1
12,157,0.5
12,159,0.5
12,161,1.1875
12,178,1.1875
12,201,1.1875
12,205,0.5
13,14,0.5
13,15,0.5
13,17,0.6875
13,21,1
13,26,0.6875
13,31,0.5
13,32,0.6875
13,33,0.6875
13,34,0.1875
13,35,1.1875
13,36,0.5
13,37,1
13,39,0.5
13,40,1.1875
13,41,1.1875
13,61,1
13,75,0.6875
13,78,0.5
13,80,0.6875
13,81,0.6875
13,82,1.1875
13,83,0.1875
13,84,0.5
13,85,1
13,86,0.5
13,88,1.1875
13,89,1.1875
13,98,1.1875
13,99,1.1875
13,104,0.1875
13,105,1.1875
13,106,0.6875
13,107,0.6875
13,108,0.5
13,112,0.6875
13,157,1
14,15,0.5
14,16,0.6875
14,17,0.1875
14,18,1.1875
14,19,0.6875
14,20,0.5
14,21,0.5
14,22,1
14,32,0.6875
14,33,1.1875
14,34,0.1875
14,35,0.6875
14,36,0.5
14,38,1
14,39,0.5
14,40,0.1875
14,41,0.6875
14,42,0.6875
14,43,1.1875
14,44,0.5
14,62,1
14,83,0.6875
14,86,1
14,88,1.1875
14,91,1.1875
14,104,1.1875
14,107,1.1875
14,112,0.6875
14,153,1.1875
14,154,1.1875
14,157,0.5
14,158,1
14,159,0.5
14,161,0.6875
14,165,0.5
14,178,0.6875
14,183,0.5
14,185,1.1875
14,186,1.1875
15,16,0.6875
15,17,0.1875
15,18,0.6875
15,19,1.1875
15,20,0.5
15,21,0.5
15,23,1
15,34,0.6875
15,39,1
15,40,1.1875
15,42,1.1875
15,57,1.1875
15,59,1.1875
15,61,0.5
15,62,0.5
15,63,1
15,65,0.6875
15,69,0.5
15,80,0.6875
15,81,1.1875
15,82,0.6875
15,83,0.1875
15,84,0.5
15,86,0.5
15,87,1
15,88,0.1875
15,89,0.6875
15,90,1.1875
15,91,0.6875
15,92,0.5
15,104,1.1875
15,106,1.1875
15,112,0.6875
15,131,0.6875
15,134,0.5
15,137,1.1875
15,139,1.1875
15,159,1
16,17,0.5
16,18,0.5
16,19,0.5
16,20,0.1875
16,21,1.1875
16,22,1.1875
16,23,1.1875
16,40,1
16,59,0.5
16,60,1.1875
16,61,1.1875
16,62,0.1875
16,63,1.1875
16,64,1
16,65,0.5
16,67,0.5
16,68,0.6875
16,69,0.6875
16,70,0.6875
16,88,1
16,154,0.5
16,156,1.1875
16,157,1.1875
16,158,1.1875
16,159,0.1875
16,160,1
16,161,0.5
16,162,0.5
16,164,0.6875
16,165,0.6875
16,167,0.6875
16,205,0.6875
16,206,0.6875
16,207,0.6875
16,209,0.5
16,212,1.1875
16,213,0.1875
16,214,1.1875
16,215,1.1875
17,18,0.5
17,19,0.5
17,20,0.1875
17,21,0.1875
17,22,0.6875
17,23,0.6875
17,34,0.5
17,36,1.1875
17,39,0.6875
17,40,0.5
17,41,1
17,42,0.5
17,44,0.6875
17,47,1.1875
17,61,1.1875
17,62,0.6875
17,65,1
17,69,0.6875
17,70,1.1875
17,83,0.5
17,84,1.1875
17,86,0.6875
17,88,0.5
17,89,1
17,91,0.5
17,92,0.6875
17,94,1.1875
17,112,0.5
17,116,1.1875
17,134,1.1875
17,157,1.1875
17,159,0.6875
17,161,1
17,165,0.6875
17,167,1.1875
17,183,1.1875
17,213,1.1875
18,19,0.5
18,20,0.1875
18,21,0.6875
18,22,0.6875
18,23,0.1875
18,42,1
18,49,0.5
18,52,1.1875
18,53,0.6875
18,62,0.6875
18,63,1.1875
18,65,0.5
18,66,1
18,67,0.5
18,68,0.6875
18,69,0.1875
18,70,0.1875
18,71,0.6875
18,72,0.5
18,76,1.1875
18,88,0.5
18,90,1
18,91,0.5
18,92,0.6875
18,94,1.1875
18,134,1.1875
18,139,0.5
18,140,1.1875
18,142,0.6875
18,159,1.1875
18,162,1
18,165,1.1875
18,167,0.6875
18,197,1.1875
18,213,0.6875
18,215,1.1875
19,20,0.1875
19,21,0.6875
19,22,0.1875
19,23,0.6875
19,24,0.5
19,28,1.1875
19,40,0.5
19,42,0.5
19,43,1
19,44,0.6875
19,47,1.1875
19,62,1.1875
19,67,1
19,69,1.1875
19,70,0.6875
19,91,1
19,145,0.5
19,148,1.1875
19,149,0.6875
19,158,1.1875
19,159,0.6875
19,161,0.5
19,162,0.5
19,163,1
19,164,0.6875
19,165,0.1875
19,166,0.6875
19,167,0.1875
19,183,1.1875
19,186,0.5
19,188,1.1875
19,191,0.6875
19,197,1.1875
19,213,0.6875
19,214,1.1875
20,21,0.5
20,22,0.5
20,23,0.5
20,24,1.1875
20,34,1.1875
20,40,0.6875
20,42,0.6875
20,44,1
20,49,1.1875
20,59,1.1875
20,62,0.5
20,65,0.6875
20,67,0.6875
20,68,1
20,69,0.5
20,70,0.5
20,72,1.1875
20,83,1.1875
20,88,0.6875
20,91,0.6875
20,92,1
20,112,1.1875
20,139,1.1875
20,145,1.1875
20,154,1.1875
20,159,0.5
20,161,0.6875
20,162,0.6875
20,164,1
20,165,0.5
20,167,0.5
20,186,1.1875
20,209,1.1875
20,213,0.5
21,22,0.5
21,23,0.5
21,24,1.1875
21,25,1.1875
21,34,0.6875
21,39,0.5
21,40,0.6875
21,41,0.6875
21,42,0.1875
21,43,1.1875
21,44,0.5
21,45,1
21,47,0.5
21,69,1
21,72,1.1875
21,73,1.1875
21,83,0.6875
21,86,0.5
21,88,0.6875
21,89,0.6875
21,90,1.1875
21,91,0.1875
21,92,0.5
21,93,1
21,94,0.5
21,96,0.6875
21,106,1.1875
21,107,1.1875
21,112,0.1875
21,113,1.1875
21,114,0.6875
21,115,0.6875
21,116,0.5
21,165,1
22,23,0.5
22,24,0.1875
22,25,0.6875
22,26,0.6875
22,27,1.1875
22,28,0.5
22,40,0.6875
22,41,1.1875
22,42,0.1875
22,43,0.6875
22,44,0.5
22,46,1
22,47,0.5
22,70,1
22,72,1.1875
22,75,1.1875
22,91,0.6875
22,94,1
22,96,0.6875
22,112,1.1875
22,115,1.1875
22,145,0.6875
22,149,0.5
22,161,1.1875
22,162,1.1875
22,165,0.5
22,166,1
22,167,0.5
22,169,1.1875
22,170,1.1875
22,186,0.6875
22,191,0.5
23,24,1.1875
23,26,1.1875
23,42,0.6875
23,47,1
23,49,0.6875
23,53,0.5
23,65,1.1875
23,67,1.1875
23,69,0.5
23,70,0.5
23,71,1
23,72,0.1875
23,73,0.6875
23,74,1.1875
23,75,0.6875
23,76,0.5
23,88,0.6875
23,89,1.1875
23,90,0.6875
23,91,0.1875
23,92,0.5
23,94,0.5
23,95,1
23,96,0.6875
23,112,1.1875
23,114,1.1875
23,121,1.1875
23,123,1.1875
23,139,0.6875
23,142,0.5
23,167,1
24,25,0.5
24,26,0.5
24,27,0.5
24,28,0.1875
24,29,1.1875
24,30,1.1875
24,31,1.1875
24,32,1
24,40,1
24,42,0.5
24,43,0.5
24,44,0.6875
24,46,0.6875
24,47,0.6875
24,48,1
24,96,1
24,145,0.5
24,148,1.1875
24,149,0.1875
24,150,1.1875
24,151,1.1875
24,165,0.6875
24,166,0.6875
24,167,0.6875
24,168,1
24,169,0.5
24,170,0.5
24,172,0.6875
24,173,0.6875
24,175,0.6875
24,186,0.5
24,188,1.1875
24,189,1.1875
24,190,1.1875
24,191,0.1875
25,26,0.5
25,27,0.5
25,28,0.1875
25,29,0.1875
25,30,0.6875
25,31,0.6875
25,33,1
25,41,1
25,42,0.5
25,43,0.5
25,44,0.6875
25,45,0.6875
25,46,0.1875
25,47,0.1875
25,48,0.5
25,49,1
25,50,0.5
25,52,0.6875
25,55,1.1875
25,66,0.5
25,68,1.1875
25,71,0.6875
25,94,1.1875
25,96,0.5
25,97,1
25,99,0.5
25,100,0.6875
25,102,1.1875
25,115,0.5
25,116,1.1875
25,118,0.6875
25,120,0.5
25,124,1.1875
25,149,1.1875
25,169,1
25,173,0.6875
25,175,1.1875
25,189,1.1875
25,191,0.6875
25,215,1.1875
26,27,0.5
26,28,0.1875
26,29,0.6875
26,30,0.6875
26,31,0.1875
26,32,0.5
26,33,0.5
26,34,1
26,36,0.6875
26,37,1.1875
26,42,1
26,46,1.1875
26,47,0.6875
26,50,1
26,75,0.5
26,76,1.1875
26,78,0.6875
26,94,1.1875
26,96,0.5
26,98,1
26,99,0.5
26,100,0.6875
26,102,1.1875
26,104,0.5
26,108,1.1875
26,149,0.6875
26,151,1.1875
26,157,1.1875
26,170,1
26,173,1.1875
26,175,0.6875
26,191,1.1875
27,28,0.1875
27,29,0.6875
27,30,0.1875
27,31,0.6875
27,32,0.5
27,33,0.5
27,35,1
27,36,0.6875
27,37,1.1875
27,43,1
27,46,0.6875
27,47,1.1875
27,48,0.5
27,50,0.5
27,51,1
27,52,0.6875
27,55,1.1875
27,56,0.5
27,60,1.1875
27,99,1
27,149,0.6875
27,150,1.1875
27,157,1.1875
27,169,0.5
27,170,0.5
27,171,1
27,172,0.6875
27,173,0.1875
27,174,0.6875
27,175,0.1875
27,177,0.5
27,180,1.1875
27,181,0.6875
27,190,1.1875
27,191,0.6875
27,194,0.5
27,196,1.1875
27,199,0.6875
27,215,1.1875
28,29,0.5
28,30,0.5
28,31,0.5
28,32,0.6875
28,33,0.6875
28,36,1
28,42,0.6875
28,43,0.6875
28,44,1
28,46,0.5
28,47,0.5
28,48,0.6875
28,50,0.6875
28,52,1
28,56,1.1875
28,66,1.1875
28,75,1.1875
28,96,0.6875
28,99,0.6875
28,100,1
28,104,1.1875
28,115,1.1875
28,120,1.1875
28,145,1.1875
28,149,0.5
28,169,0.6875
28,170,0.6875
28,172,1
28,173,0.5
28,175,0.5
28,177,1.1875
28,186,1.1875
28,191,0.5
28,194,1.1875
29,30,0.5
29,31,0.5
29,33,0.6875
29,37,1
29,42,1.1875
29,43,1.1875
29,45,1
29,46,0.5
29,47,0.5
29,48,0.6875
29,49,0.6875
29,50,0.1875
29,51,1.1875
29,52,0.5
29,53,1
29,55,0.5
29,56,1.1875
29,57,1.1875
29,66,0.6875
29,71,0.5
29,96,0.6875
29,97,0.6875
29,98,1.1875
29,99,0.1875
29,100,0.5
29,101,1
29,102,0.5
29,104,1.1875
29,105,1.1875
29,115,0.6875
29,118,0.5
29,120,0.1875
29,121,1.1875
29,122,0.6875
29,123,0.6875
29,124,0.5
29,128,0.6875
29,138,1.1875
29,139,1.1875
29,173,1
30,31,0.5
30,32,0.6875
30,33,0.1875
30,34,1.1875
30,35,0.6875
30,36,0.5
30,37,0.5
30,38,1
30,46,1
30,48,0.6875
30,49,1.1875
30,50,0.1875
30,51,0.6875
30,52,0.5
30,54,1
30,55,0.5
30,56,0.1875
30,57,0.6875
30,58,0.6875
30,59,1.1875
30,60,0.5
30,99,0.6875
30,102,1
30,104,1.1875
30,107,1.1875
30,120,1.1875
30,123,1.1875
30,128,0.6875
30,169,1.1875
30,170,1.1875
30,173,0.5
30,174,1
30,175,0.5
30,177,0.6875
30,181,0.5
30,194,0.6875
30,199,0.5
30,201,1.1875
30,202,1.1875
31,32,0.6875
31,33,0.1875
31,34,0.6875
31,35,1.1875
31,36,0.5
31,37,0.5
31,39,1
31,47,1
31,50,0.6875
31,55,1
31,56,1.1875
31,58,1.1875
31,75,0.6875
31,78,0.5
31,81,1.1875
31,83,1.1875
31,96,0.6875
31,97,1.1875
31,98,0.6875
31,99,0.1875
31,100,0.5
31,102,0.5
31,103,1
31,104,0.1875
31,105,0.6875
31,106,1.1875
31,107,0.6875
31,108,0.5
31,120,1.1875
31,122,1.1875
31,128,0.6875
31,175,1
32,33,0.5
32,34,0.5
32,35,0.5
32,36,0.1875
32,37,1.1875
32,38,1.1875
32,39,1.1875
32,40,1
32,56,1
32,104,1
32,149,0.6875
32,150,0.6875
32,151,0.6875
32,153,0.5
32,156,1.1875
32,157,0.1875
32,158,1.1875
32,159,1.1875
32,170,0.5
32,172,1.1875
32,173,1.1875
32,174,1.1875
32,175,0.1875
32,176,1
32,177,0.5
32,178,0.5
32,180,0.6875
32,181,0.6875
32,183,0.6875
33,34,0.5
33,35,0.5
33,36,0.1875
33,37,0.1875
33,38,0.6875
33,39,0.6875
33,41,1
33,50,0.5
33,52,1.1875
33,55,0.6875
33,56,0.5
33,57,1
33,58,0.5
33,60,0.6875
33,63,1.1875
33,78,1.1875
33,99,0.5
33,100,1.1875
33,102,0.6875
33,104,0.5
33,105,1
33,107,0.5
33,108,0.6875
33,110,1.1875
33,128,0.5
33,132,1.1875
33,157,1.1875
33,173,1.1875
33,175,0.6875
33,177,1
33,181,0.6875
33,183,1.1875
33,199,1.1875
34,35,0.5
34,36,0.1875
34,37,0.6875
34,38,0.6875
34,39,0.1875
34,40,0.5
34,41,0.5
34,42,1
34,44,0.6875
34,45,1.1875
34,58,1
34,78,1.1875
34,83,0.5
34,84,1.1875
34,86,0.6875
34,104,0.5
34,106,1
34,107,0.5
34,108,0.6875
34,110,1.1875
34,112,0.5
34,116,1.1875
34,157,0.6875
34,159,1.1875
34,165,1.1875
34,175,1.1875
34,178,1
34,181,1.1875
34,183,0.6875
35,36,0.1875
35,37,0.6875
35,38,0.1875
35,39,0.6875
35,40,0.5
35,41,0.5
35,43,1
35,44,0.6875
35,45,1.1875
35,56,0.5
35,58,0.5
35,59,1
35,60,0.6875
35,63,1.1875
35,64,0.5
35,68,1.1875
35,107,1
35,157,0.6875
35,158,1.1875
35,165,1.1875
35,174,1.1875
35,175,0.6875
35,177,0.5
35,178,0.5
35,179,1
35,180,0.6875
35,181,0.1875
35,182,0.6875
35,183,0.1875
35,185,0.5
35,188,1.1875
35,189,0.6875
35,199,1.1875
35,202,0.5
35,204,1.1875
35,207,0.6875
36,37,0.5
36,38,0.5
36,39,0.5
36,40,0.6875
36,41,0.6875
36,44,1
36,50,1.1875
36,56,0.6875
36,58,0.6875
36,60,1
36,64,1.1875
36,83,1.1875
36,99,1.1875
36,104,0.6875
36,107,0.6875
36,108,1
36,112,1.1875
36,128,1.1875
36,153,1.1875
36,157,0.5
36,170,1.1875
36,175,0.5
36,177,0.6875
36,178,0.6875
36,180,1
36,181,0.5
36,183,0.5
36,185,1.1875
36,202,1.1875
37,38,0.5
37,39,0.5
37,41,0.6875
37,45,1
37,50,0.6875
37,55,0.5
37,56,0.6875
37,57,0.6875
37,58,0.1875
37,59,1.1875
37,60,0.5
37,61,1
37,63,0.5
37,64,1.1875
37,65,1.1875
37,99,0.6875
37,102,0.5
37,104,0.6875
37,105,0.6875
37,106,1.1875
37,107,0.1875
37,108,0.5
37,109,1
37,110,0.5
37,112,1.1875
37,113,1.1875
37,122,1.1875
37,123,1.1875
37,128,0.1875
37,129,1.1875
37,130,0.6875
37,131,0.6875
37,132,0.5
37,136,0.6875
37,181,1
38,39,0.5
38,40,0.6875
38,41,0.1875
38,42,1.1875
38,43,0.6875
38,44,0.5
38,45,0.5
38,46,1
38,56,0.6875
38,57,1.1875
38,58,0.1875
38,59,0.6875
38,60,0.5
38,62,1
38,63,0.5
38,64,0.1875
38,65,0.6875
38,66,0.6875
38,67,1.1875
38,68,0.5
38,107,0.6875
38,110,1
38,112,1.1875
38,115,1.1875
38,128,1.1875
38,131,1.1875
38,136,0.6875
38,177,1.1875
38,178,1.1875
38,181,0.5
38,182,1
38,183,0.5
38,185,0.6875
38,189,0.5
38,202,0.6875
38,207,0.5
38,209,1.1875
38,210,1.1875
39,40,0.6875
39,41,0.1875
39,42,0.6875
39,43,1.1875
39,44,0.5
39,45,0.5
39,47,1
39,58,0.6875
39,63,1
39,64,1.1875
39,66,1.1875
39,83,0.6875
39,86,0.5
39,89,1.1875
39,91,1.1875
39,104,0.6875
39,105,1.1875
39,106,0.6875
39,107,0.1875
39,108,0.5
39,110,0.5
39,111,1
39,112,0.1875
39,113,0.6875
39,114,1.1875
39,115,0.6875
39,116,0.5
39,128,1.1875
39,130,1.1875
39,136,0.6875
39,183,1
40,41,0.5
40,42,0.5
40,43,0.5
40,44,0.1875
40,45,1.1875
40,46,1.1875
40,47,1.1875
40,64,1
40,112,1
40,157,0.6875
40,158,0.6875
40,159,0.6875
40,161,0.5
40,164,1.1875
40,165,0.1875
40,166,1.1875
40,167,1.1875
40,178,0.5
40,180,1.1875
40,181,1.1875
40,182,1.1875
40,183,0.1875
40,184,1
40,185,0.5
40,186,0.5
40,188,0.6875
40,189,0.6875
40,191,0.6875
41,42,0.5
41,43,0.5
41,44,0.1875
41,45,0.1875
41,46,0.6875
41,47,0.6875
41,58,0.5
41,60,1.1875
41,63,0.6875
41,64,0.5
41,65,1
41,66,0.5
41,68,0.6875
41,71,1.1875
41,86,1.1875
41,107,0.5
41,108,1.1875
41,110,0.6875
41,112,0.5
41,113,1
41,115,0.5
41,116,0.6875
41,118,1.1875
41,136,0.5
41,140,1.1875
41,165,1.1875
41,181,1.1875
41,183,0.6875
41,185,1
41,189,0.6875
41,191,1.1875
41,207,1.1875
42,43,0.5
42,44,0.1875
42,45,0.6875
42,46,0.6875
42,47,0.1875
42,66,1
42,86,1.1875
42,91,0.5
42,92,1.1875
42,94,0.6875
42,96,0.5
42,100,1.1875
42,112,0.5
42,114,1
42,115,0.5
42,116,0.6875
42,118,1.1875
42,149,1.1875
42,165,0.6875
42,167,1.1875
42,183,1.1875
42,186,1
42,189,1.1875
42,191,0.6875
43,44,0.1875
43,45,0.6875
43,46,0.1875
43,47,0.6875
43,48,0.5
43,52,1.1875
43,64,0.5
43,66,0.5
43,67,1
43,68,0.6875
43,71,1.1875
43,115,1
43,149,1.1875
43,165,0.6875
43,166,1.1875
43,169,0.5
43,172,1.1875
43,173,0.6875
43,182,1.1875
43,183,0.6875
43,185,0.5
43,186,0.5
43,187,1
43,188,0.6875
43,189,0.1875
43,190,0.6875
43,191,0.1875
43,207,1.1875
43,210,0.5
43,212,1.1875
43,215,0.6875
44,45,0.5
44,46,0.5
44,47,0.5
44,48,1.1875
44,58,1.1875
44,64,0.6875
44,66,0.6875
44,68,1
44,91,1.1875
44,96,1.1875
44,107,1.1875
44,112,0.6875
44,115,0.6875
44,116,1
44,136,1.1875
44,161,1.1875
44,165,0.5
44,169,1.1875
44,178,1.1875
44,183,0.5
44,185,0.6875
44,186,0.6875
44,188,1
44,189,0.5
44,191,0.5
44,210,1.1875
45,46,0.5
45,47,0.5
45,48,1.1875
45,49,1.1875
45,58,0.6875
45,63,0.5
45,64,0.6875
45,65,0.6875
45,66,0.1875
45,67,1.1875
45,68,0.5
45,69,1
45,71,0.5
45,96,1.1875
45,97,1.1875
45,107,0.6875
45,110,0.5
45,112,0.6875
45,113,0.6875
45,114,1.1875
45,115,0.1875
45,116,0.5
45,117,1
45,118,0.5
45,120,0.6875
45,130,1.1875
45,131,1.1875
45,136,0.1875
45,137,1.1875
45,138,0.6875
45,139,0.6875
45,140,0.5
45,189,1
46,47,0.5
46,48,0.1875
46,49,0.6875
46,50,0.6875
46,51,1.1875
46,52,0.5
46,64,0.6875
46,65,1.1875
46,66,0.1875
46,67,0.6875
46,68,0.5
46,70,1
46,71,0.5
46,96,1.1875
46,99,1.1875
46,115,0.6875
46,118,1
46,120,0.6875
46,136,1.1875
46,139,1.1875
46,169,0.6875
46,173,0.5
46,185,1.1875
46,186,1.1875
46,189,0.5
46,190,1
46,191,0.5
46,193,1.1875
46,194,1.1875
46,210,0.6875
46,215,0.5
47,48,1.1875
47,50,1.1875
47,66,0.6875
47,71,1
47,73,1.1875
47,75,1.1875
47,91,0.6875
47,94,0.5
47,96,0.1875
47,97,0.6875
47,98,1.1875
47,99,0.6875
47,100,0.5
47,112,0.6875
47,113,1.1875
47,114,0.6875
47,115,0.1875
47,116,0.5
47,118,0.5
47,119,1
47,120,0.6875
47,136,1.1875
47,138,1.1875
47,191,1
48,49,0.5
48,50,0.5
48,51,0.5
48,52,0.1875
48,53,1.1875
48,54,1.1875
48,55,1.1875
48,56,1
48,64,1
48,66,0.5
48,67,0.5
48,68,0.6875
48,70,0.6875
48,71,0.6875
48,120,1
48,169,0.5
48,172,1.1875
48,173,0.1875
48,174,1.1875
48,175,1.1875
48,189,0.6875
48,190,0.6875
48,191,0.6875
48,192,1
48,193,0.5
48,194,0.5
48,196,0.6875
48,197,0.6875
48,199,0.6875
48,210,0.5
48,212,1.1875
48,213,1.1875
48,214,1.1875
48,215,0.1875
49,50,0.5
49,51,0.5
49,52,0.1875
49,53,0.1875
49,54,0.6875
49,55,0.6875
49,57,1
49,65,1
49,66,0.5
49,67,0.5
49,68,0.6875
49,69,0.6875
49,70,0.1875
49,71,0.1875
49,72,0.5
49,76,1.1875
49,118,1.1875
49,120,0.5
49,121,1
49,123,0.5
49,124,0.6875
49,126,1.1875
49,139,0.5
49,140,1.1875
49,142,0.6875
49,167,1.1875
49,173,1.1875
49,193,1
49,197,0.6875
49,199,1.1875
49,213,1.1875
49,215,0.6875
50,51,0.5
50,52,0.1875
50,53,0.6875
50,54,0.6875
50,55,0.1875
50,56,0.5
50,57,0.5
50,58,1
50,60,0.6875
50,61,1.1875
50,66,1
50,70,1.1875
50,71,0.6875
50,99,0.5
50,100,1.1875
50,102,0.6875
50,118,1.1875
50,120,0.5
50,122,1
50,123,0.5
50,124,0.6875
50,126,1.1875
50,128,0.5
50,132,1.1875
50,173,0.6875
50,175,1.1875
50,181,1.1875
50,194,1
50,197,1.1875
50,199,0.6875
50,215,1.1875
51,52,0.1875
51,53,0.6875
51,54,0.1875
51,55,0.6875
51,56,0.5
51,57,0.5
51,59,1
51,60,0.6875
51,61,1.1875
51,67,1
51,70,0.6875
51,71,1.1875
51,123,1
51,146,0.5
51,148,1.1875
51,151,0.6875
51,167,1.1875
51,173,0.6875
51,174,1.1875
51,181,1.1875
51,193,0.5
51,194,0.5
51,195,1
51,196,0.6875
51,197,0.1875
51,198,0.6875
51,199,0.1875
51,201,0.5
51,204,1.1875
51,205,0.6875
51,214,1.1875
51,215,0.6875
52,53,0.5
52,54,0.5
52,55,0.5
52,56,0.6875
52,57,0.6875
52,60,1
52,66,0.6875
52,67,0.6875
52,68,1
52,70,0.5
52,71,0.5
52,72,1.1875
52,99,1.1875
52,120,0.6875
52,123,0.6875
52,124,1
52,128,1.1875
52,139,1.1875
52,146,1.1875
52,169,1.1875
52,173,0.5
52,193,0.6875
52,194,0.6875
52,196,1
52,197,0.5
52,199,0.5
52,201,1.1875
52,210,1.1875
52,215,0.5
53,54,0.5
53,55,0.5
53,57,0.6875
53,61,1
53,66,1.1875
53,67,1.1875
53,69,1
53,70,0.5
53,71,0.5
53,72,0.1875
53,73,1.1875
53,74,0.6875
53,75,0.6875
53,76,0.5
53,80,0.6875
53,90,1.1875
53,91,1.1875
53,120,0.6875
53,121,0.6875
53,122,1.1875
53,123,0.1875
53,124,0.5
53,125,1
53,126,0.5
53,128,1.1875
53,129,1.1875
53,139,0.6875
53,142,0.5
53,197,1
54,55,0.5
54,56,0.6875
54,57,0.1875
54,58,1.1875
54,59,0.6875
54,60,0.5
54,61,0.5
54,62,1
54,70,1
54,72,1.1875
54,75,1.1875
54,80,0.6875
54,123,0.6875
54,126,1
54,128,1.1875
54,131,1.1875
54,146,0.6875
54,151,0.5
54,153,1.1875
54,154,1.1875
54,193,1.1875
54,194,1.1875
54,197,0.5
54,198,1
54,199,0.5
54,201,0.6875
54,205,0.5
55,56,0.6875
55,57,0.1875
55,58,0.6875
55,59,1.1875
55,60,0.5
55,61,0.5
55,63,1
55,71,1
55,72,1.1875
55,74,1.1875
55,80,0.6875
55,99,0.6875
55,102,0.5
55,105,1.1875
55,107,1.1875
55,120,0.6875
55,121,1.1875
55,122,0.6875
55,123,0.1875
55,124,0.5
55,126,0.5
55,127,1
55,128,0.1875
55,129,0.6875
55,130,1.1875
55,131,0.6875
55,132,0.5
55,199,1
56,57,0.5
56,58,0.5
56,59,0.5
56,60,0.1875
56,61,1.1875
56,62,1.1875
56,63,1.1875
56,64,1
56,128,1
56,173,0.6875
56,174,0.6875
56,175,0.6875
56,177,0.5
56,180,1.1875
56,181,0.1875
56,182,1.1875
56,183,1.1875
56,194,0.5
56,196,1.1875
56,197,1.1875
56,198,1.1875
56,199,0.1875
56,200,1
56,201,0.5
56,202,0.5
56,204,0.6875
56,205,0.6875
56,207,0.6875
57,58,0.5
57,59,0.5
57,60,0.1875
57,61,0.1875
57,62,0.6875
57,63,0.6875
57,65,1
57,80,0.5
57,84,1.1875
57,102,1.1875
57,123,0.5
57,124,1.1875
57,126,0.6875
57,128,0.5
57,129,1
57,131,0.5
57,132,0.6875
57,134,1.1875
57,151,1.1875
57,181,1.1875
57,197,1.1875
57,199,0.6875
57,201,1
57,205,0.6875
57,207,1.1875
58,59,0.5
58,60,0.1875
58,61,0.6875
58,62,0.6875
58,63,0.1875
58,64,0.5
58,65,0.5
58,66,1
58,68,0.6875
58,69,1.1875
58,102,1.1875
58,107,0.5
58,108,1.1875
58,110,0.6875
58,128,0.5
58,130,1
58,131,0.5
58,132,0.6875
58,134,1.1875
58,136,0.5
58,140,1.1875
58,181,0.6875
58,183,1.1875
58,189,1.1875
58,199,1.1875
58,202,1
58,205,1.1875
58,207,0.6875
59,60,0.1875
59,61,0.6875
59,62,0.1875
59,63,0.6875
59,64,0.5
59,65,0.5
59,67,1
59,68,0.6875
59,69,1.1875
59,131,1
59,151,1.1875
59,154,0.5
59,156,1.1875
59,159,0.6875
59,181,0.6875
59,182,1.1875
59,189,1.1875
59,198,1.1875
59,199,0.6875
59,201,0.5
59,202,0.5
59,203,1
59,204,0.6875
59,205,0.1875
59,206,0.6875
59,207,0.1875
59,209,0.5
59,212,1.1875
59,213,0.6875
60,61,0.5
60,62,0.5
60,63,0.5
60,64,0.6875
60,65,0.6875
60,68,1
60,80,1.1875
60,107,1.1875
60,123,1.1875
60,128,0.6875
60,131,0.6875
60,132,1
60,136,1.1875
60,154,1.1875
60,177,1.1875
60,181,0.5
60,194,1.1875
60,199,0.5
60,201,0.6875
60,202,0.6875
60,204,1
60,205,0.5
60,207,0.5
60,209,1.1875
61,62,0.5
61,63,0.5
61,65,0.6875
61,69,1
61,74,1.1875
61,75,1.1875
61,80,0.1875
61,81,1.1875
61,82,0.6875
61,83,0.6875
61,84,0.5
61,88,0.6875
61,123,0.6875
61,126,0.5
61,128,0.6875
61,129,0.6875
61,130,1.1875
61,131,0.1875
61,132,0.5
61,133,1
61,134,0.5
61,136,1.1875
61,137,1.1875
61,205,1
62,63,0.5
62,64,0.6875
62,65,0.1875
62,66,1.1875
62,67,0.6875
62,68,0.5
62,69,0.5
62,70,1
62,80,1.1875
62,83,1.1875
62,88,0.6875
62,131,0.6875
62,134,1
62,136,1.1875
62,139,1.1875
62,154,0.6875
62,159,0.5
62,161,1.1875
62,162,1.1875
62,201,1.1875
62,202,1.1875
62,205,0.5
62,206,1
62,207,0.5
62,209,0.6875
62,213,0.5
63,64,0.6875
63,65,0.1875
63,66,0.6875
63,67,1.1875
63,68,0.5
63,69,0.5
63,71,1
63,80,1.1875
63,82,1.1875
63,88,0.6875
63,107,0.6875
63,110,0.5
63,113,1.1875
63,115,1.1875
63,128,0.6875
63,129,1.1875
63,130,0.6875
63,131,0.1875
63,132,0.5
63,134,0.5
63,135,1
63,136,0.1875
63,137,0.6875
63,138,1.1875
63,139,0.6875
63,140,0.5
63,207,1
64,65,0.5
64,66,0.5
64,67,0.5
64,68,0.1875
64,69,1.1875
64,70,1.1875
64,71,1.1875
64,136,1
64,181,0.6875
64,182,0.6875
64,183,0.6875
64,185,0.5
64,188,1.1875
64,189,0.1875
64,190,1.1875
64,191,1.1875
64,202,0.5
64,204,1.1875
64,205,1.1875
64,206,1.1875
64,207,0.1875
64,208,1
64,209,0.5
64,210,0.5
64,212,0.6875
64,213,0.6875
64,215,0.6875
65,66,0.5
65,67,0.5
65,68,0.1875
65,69,0.1875
65,70,0.6875
65,71,0.6875
65,88,0.5
65,92,1.1875
65,110,1.1875
65,131,0.5
65,132,1.1875
65,134,0.6875
65,136,0.5
65,137,1
65,139,0.5
65,140,0.6875
65,142,1.1875
65,159,1.1875
65,189,1.1875
65,205,1.1875
65,207,0.6875
65,209,1
65,213,0.6875
65,215,1.1875
66,67,0.5
66,68,0.1875
66,69,0.6875
66,70,0.6875
66,71,0.1875
66,110,1.1875
66,115,0.5
66,116,1.1875
66,118,0.6875
66,120,0.5
66,124,1.1875
66,136,0.5
66,138,1
66,139,0.5
66,140,0.6875
66,142,1.1875
66,173,1.1875
66,189,0.6875
66,191,1.1875
66,207,1.1875
66,210,1
66,213,1.1875
66,215,0.6875
67,68,0.1875
67,69,0.6875
67,70,0.1875
67,71,0.6875
67,139,1
67,159,1.1875
67,162,0.5
67,164,1.1875
67,167,0.6875
67,173,1.1875
67,189,0.6875
67,190,1.1875
67,193,0.5
67,196,1.1875
67,197,0.6875
67,206,1.1875
67,207,0.6875
67,209,0.5
67,210,0.5
67,211,1
67,212,0.6875
67,213,0.1875
67,214,0.6875
67,215,0.1875
68,69,0.5
68,70,0.5
68,71,0.5
68,88,1.1875
68,115,1.1875
68,120,1.1875
68,131,1.1875
68,136,0.6875
68,139,0.6875
68,140,1
68,162,1.1875
68,185,1.1875
68,189,0.5
68,193,1.1875
68,202,1.1875
68,207,0.5
68,209,0.6875
68,210,0.6875
68,212,1
68,213,0.5
68,215,0.5
69,70,0.5
69,71,0.5
69,72,0.6875
69,82,1.1875
69,83,1.1875
69,88,0.1875
69,89,1.1875
69,90,0.6875
69,91,0.6875
69,92,0.5
69,120,1.1875
69,121,1.1875
69,131,0.6875
69,134,0.5
69,136,0.6875
69,137,0.6875
69,138,1.1875
69,139,0.1875
69,140,0.5
69,141,1
69,142,0.5
69,213,1
70,71,0.5
70,72,0.6875
70,88,1.1875
70,91,1.1875
70,120,1.1875
70,123,1.1875
70,139,0.6875
70,142,1
70,145,1.1875
70,146,1.1875
70,162,0.6875
70,167,0.5
70,193,0.6875
70,197,0.5
70,209,1.1875
70,210,1.1875
70,213,0.5
70,214,1
70,215,0.5
71,72,0.6875
71,88,1.1875
71,90,1.1875
71,97,1.1875
71,99,1.1875
71,115,0.6875
71,118,0.5
71,120,0.1875
71,121,0.6875
71,122,1.1875
71,123,0.6875
71,124,0.5
71,136,0.6875
71,137,1.1875
71,138,0.6875
71,139,0.1875
71,140,0.5
71,142,0.5
71,143,1
71,215,1
72,73,0.5
72,74,0.5
72,75,0.5
72,76,0.1875
72,77,1.1875
72,78,1.1875
72,79,1.1875
72,80,1
72,88,1
72,90,0.5
72,91,0.5
72,92,0.6875
72,94,0.6875
72,95,0.6875
72,96,1
72,120,1
72,121,0.5
72,123,0.5
72,124,0.6875
72,125,0.6875
72,126,0.6875
72,139,0.5
72,140,1.1875
72,141,1.1875
72,142,0.1875
72,143,1.1875
72,144,1
73,74,0.5
73,75,0.5
73,76,0.1875
73,77,0.1875
73,78,0.6875
73,79,0.6875
73,81,1
73,89,1
73,90,0.5
73,91,0.5
73,92,0.6875
73,93,0.6875
73,94,0.1875
73,95,0.1875
73,96,0.5
73,97,1
73,98,0.5
73,100,0.6875
73,103,1.1875
73,114,0.5
73,116,1.1875
73,119,0.6875
73,121,1
73,125,0.6875
73,126,1.1875
73,141,1.1875
73,142,0.6875
73,144,0.5
73,145,1
73,147,0.5
73,148,0.6875
73,150,1.1875
73,163,0.5
73,164,1.1875
73,166,0.6875
73,168,0.5
73,172,1.1875
73,214,1.1875
74,75,0.5
74,76,0.1875
74,77,0.6875
74,78,0.6875
74,79,0.1875
74,80,0.5
74,81,0.5
74,82,1
74,84,0.6875
74,85,1.1875
74,90,1
74,94,1.1875
74,95,0.6875
74,98,1
74,121,0.5
74,122,1
74,123,0.5
74,124,0.6875
74,125,0.1875
74,126,0.1875
74,127,0.6875
74,129,0.5
74,132,1.1875
74,133,0.6875
74,142,0.6875
74,143,1.1875
74,144,0.5
74,146,1
74,147,0.5
74,148,0.6875
74,150,1.1875
74,152,0.5
74,156,1.1875
74,195,0.5
74,196,1.1875
74,198,0.6875
74,214,1.1875
75,76,0.1875
75,77,0.6875
75,78,0.1875
75,79,0.6875
75,80,0.5
75,81,0.5
75,83,1
75,84,0.6875
75,85,1.1875
75,91,1
75,94,0.6875
75,95,1.1875
75,96,0.5
75,98,0.5
75,99,1
75,100,0.6875
75,103,1.1875
75,104,0.5
75,108,1.1875
75,123,1
75,125,1.1875
75,126,0.6875
75,142,1.1875
75,147,1
76,77,0.5
76,78,0.5
76,79,0.5
76,80,0.6875
76,81,0.6875
76,84,1
76,90,0.6875
76,91,0.6875
76,92,1
76,94,0.5
76,95,0.5
76,96,0.6875
76,98,0.6875
76,100,1
76,104,1.1875
76,114,1.1875
76,121,0.6875
76,123,0.6875
76,124,1
76,125,0.5
76,126,0.5
76,129,1.1875
76,139,1.1875
76,142,0.5
76,144,0.6875
76,147,0.6875
76,148,1
76,152,1.1875
76,163,1.1875
76,168,1.1875
76,195,1.1875
77,78,0.5
77,79,0.5
77,81,0.6875
77,85,1
77,90,1.1875
77,91,1.1875
77,93,1
77,94,0.5
77,95,0.5
77,96,0.6875
77,97,0.6875
77,98,0.1875
77,99,1.1875
77,100,0.5
77,101,1
77,103,0.5
77,104,1.1875
77,105,1.1875
77,114,0.6875
77,119,0.5
77,125,1
77,144,0.6875
77,145,0.6875
77,146,1.1875
77,147,0.1875
77,148,0.5
77,149,1
77,150,0.5
77,152,1.1875
77,153,1.1875
77,163,0.6875
77,166,0.5
77,168,0.1875
77,169,1.1875
77,170,0.6875
77,171,0.6875
77,172,0.5
77,176,0.6875
77,186,1.1875
77,187,1.1875
78,79,0.5
78,80,0.6875
78,81,0.1875
78,82,1.1875
78,83,0.6875
78,84,0.5
78,85,0.5
78,86,1
78,94,1
78,96,0.6875
78,97,1.1875
78,98,0.1875
78,99,0.6875
78,100,0.5
78,102,1
78,103,0.5
78,104,0.1875
78,105,0.6875
78,106,0.6875
78,107,1.1875
78,108,0.5
78,126,1
78,147,0.6875
78,150,1
78,152,1.1875
78,155,1.1875
78,168,1.1875
78,171,1.1875
78,176,0.6875
79,80,0.6875
79,81,0.1875
79,82,0.6875
79,83,1.1875
79,84,0.5
79,85,0.5
79,87,1
79,95,1
79,98,0.6875
79,103,1
79,104,1.1875
79,106,1.1875
79,121,1.1875
79,123,1.1875
79,125,0.5
79,126,0.5
79,127,1
79,129,0.6875
79,133,0.5
79,144,0.6875
79,145,1.1875
79,146,0.6875
79,147,0.1875
79,148,0.5
79,150,0.5
79,151,1
79,152,0.1875
79,153,0.6875
79,154,1.1875
79,155,0.6875
79,156,0.5
79,168,1.1875
79,170,1.1875
79,176,0.6875
79,195,0.6875
79,198,0.5
79,201,1.1875
79,203,1.1875
80,81,0.5
80,82,0.5
80,83,0.5
80,84,0.1875
80,85,1.1875
80,86,1.1875
80,87,1.1875
80,88,1
80,104,1
80,123,0.5
80,124,1.1875
80,125,1.1875
80,126,0.1875
80,127,1.1875
80,128,1
80,129,0.5
80,131,0.5
80,132,0.6875
80,133,0.6875
80,134,0.6875
80,152,1
81,82,0.5
81,83,0.5
81,84,0.1875
81,85,0.1875
81,86,0.6875
81,87,0.6875
81,89,1
81,98,0.5
81,100,1.1875
81,103,0.6875
81,104,0.5
81,105,1
81,106,0.5
81,108,0.6875
81,111,1.1875
81,125,1.1875
81,126,0.6875
81,129,1
81,133,0.6875
81,134,1.1875
81,147,0.5
81,148,1.1875
81,150,0.6875
81,152,0.5
81,153,1
81,155,0.5
81,156,0.6875
81,158,1.1875
81,176,0.5
81,180,1.1875
81,198,1.1875
82,83,0.5
82,84,0.1875
82,85,0.6875
82,86,0.6875
82,87,0.1875
82,88,0.5
82,89,0.5
82,90,1
82,92,0.6875
82,93,1.1875
82,106,1
82,126,0.6875
82,127,1.1875
82,129,0.5
82,130,1
82,131,0.5
82,132,0.6875
82,133,0.1875
82,134,0.1875
82,135,0.6875
82,137,0.5
82,140,1.1875
82,141,0.6875
82,152,0.5
82,154,1
82,155,0.5
82,156,0.6875
82,158,1.1875
82,160,0.5
82,164,1.1875
82,198,1.1875
82,203,0.5
82,204,1.1875
82,206,0.6875
83,84,0.1875
83,85,0.6875
83,86,0.1875
83,87,0.6875
83,88,0.5
83,89,0.5
83,91,1
83,92,0.6875
83,93,1.1875
83,104,0.5
83,106,0.5
83,107,1
83,108,0.6875
83,111,1.1875
83,112,0.5
83,116,1.1875
83,126,1.1875
83,131,1
83,133,1.1875
83,134,0.6875
83,155,1
84,85,0.5
84,86,0.5
84,87,0.5
84,88,0.6875
84,89,0.6875
84,92,1
84,98,1.1875
84,104,0.6875
84,106,0.6875
84,108,1
84,112,1.1875
84,123,1.1875
84,126,0.5
84,129,0.6875
84,131,0.6875
84,132,1
84,133,0.5
84,134,0.5
84,137,1.1875
84,147,1.1875
84,152,0.6875
84,155,0.6875
84,156,1
84,160,1.1875
84,176,1.1875
84,203,1.1875
85,86,0.5
85,87,0.5
85,89,0.6875
85,93,1
85,98,0.6875
85,103,0.5
85,104,0.6875
85,105,0.6875
85,106,0.1875
85,107,1.1875
85,108,0.5
85,109,1
85,111,0.5
85,112,1.1875
85,113,1.1875
85,133,1
85,147,0.6875
85,150,0.5
85,152,0.6875
85,153,0.6875
85,154,1.1875
85,155,0.1875
85,156,0.5
85,157,1
85,158,0.5
85,160,1.1875
85,161,1.1875
85,170,1.1875
85,171,1.1875
85,176,0.1875
85,177,1.1875
85,178,0.6875
85,179,0.6875
85,180,0.5
85,184,0.6875
86,87,0.5
86,88,0.6875
86,89,0.1875
86,90,1.1875
86,91,0.6875
86,92,0.5
86,93,0.5
86,94,1
86,104,0.6875
86,105,1.1875
86,106,0.1875
86,107,0.6875
86,108,0.5
86,110,1
86,111,0.5
86,112,0.1875
86,113,0.6875
86,114,0.6875
86,115,1.1875
86,116,0.5
86,134,1
86,155,0.6875
86,158,1
86,160,1.1875
86,163,1.1875
86,176,1.1875
86,179,1.1875
86,184,0.6875
87,88,0.6875
87,89,0.1875
87,90,0.6875
87,91,1.1875
87,92,0.5
87,93,0.5
87,95,1
87,106,0.6875
87,111,1
87,112,1.1875
87,114,1.1875
87,129,1.1875
87,131,1.1875
87,133,0.5
87,134,0.5
87,135,1
87,137,0.6875
87,141,0.5
87,152,0.6875
87,153,1.1875
87,154,0.6875
87,155,0.1875
87,156,0.5
87,158,0.5
87,159,1
87,160,0.1875
87,161,0.6875
87,162,1.1875
87,163,0.6875
87,164,0.5
87,176,1.1875
87,178,1.1875
87,184,0.6875
87,203,0.6875
87,206,0.5
87,209,1.1875
87,211,1.1875
88,89,0.5
88,90,0.5
88,91,0.5
88,92,0.1875
88,93,1.1875
88,94,1.1875
88,95,1.1875
88,112,1
88,131,0.5
88,132,1.1875
88,133,1.1875
88,134,0.1875
88,135,1.1875
88,136,1
88,137,0.5
88,139,0.5
88,140,0.6875
88,141,0.6875
88,142,0.6875
88,160,1
89,90,0.5
89,91,0.5
89,92,0.1875
89,93,0.1875
89,94,0.6875
89,95,0.6875
89,106,0.5
89,108,1.1875
89,111,0.6875
89,112,0.5
89,113,1
89,114,0.5
89,116,0.6875
89,119,1.1875
89,133,1.1875
89,134,0.6875
89,137,1
89,141,0.6875
89,142,1.1875
89,155,0.5
89,156,1.1875
89,158,0.6875
89,160,0.5
89,161,1
89,163,0.5
89,164,0.6875
89,166,1.1875
89,184,0.5
89,188,1.1875
89,206,1.1875
90,91,0.5
90,92,0.1875
90,93,0.6875
90,94,0.6875
90,95,0.1875
90,114,1
90,121,0.5
90,124,1.1875
90,125,0.6875
90,134,0.6875
90,135,1.1875
90,137,0.5
90,138,1
90,139,0.5
90,140,0.6875
90,141,0.1875
90,142,0.1875
90,143,0.6875
90,144,0.5
90,148,1.1875
90,160,0.5
90,162,1
90,163,0.5
90,164,0.6875
90,166,1.1875
90,206,1.1875
90,211,0.5
90,212,1.1875
90,214,0.6875
91,92,0.1875
91,93,0.6875
91,94,0.1875
91,95,0.6875
91,96,0.5
91,100,1.1875
91,112,0.5
91,114,0.5
91,115,1
91,116,0.6875
91,119,1.1875
91,134,1.1875
91,139,1
91,141,1.1875
91,142,0.6875
91,163,1
92,93,0.5
92,94,0.5
92,95,0.5
92,96,1.1875
92,106,1.1875
92,112,0.6875
92,114,0.6875
92,116,1
92,121,1.1875
92,131,1.1875
92,134,0.5
92,137,0.6875
92,139,0.6875
92,140,1
92,141,0.5
92,142,0.5
92,144,1.1875
92,155,1.1875
92,160,0.6875
92,163,0.6875
92,164,1
92,184,1.1875
92,211,1.1875
93,94,0.5
93,95,0.5
93,96,1.1875
93,97,1.1875
93,106,0.6875
93,111,0.5
93,112,0.6875
93,113,0.6875
93,114,0.1875
93,115,1.1875
93,116,0.5
93,117,1
93,119,0.5
93,141,1
93,144,1.1875
93,145,1.1875
93,155,0.6875
93,158,0.5
93,160,0.6875
93,161,0.6875
93,162,1.1875
93,163,0.1875
93,164,0.5
93,165,1
93,166,0.5
93,168,0.6875
93,178,1.1875
93,179,1.1875
93,184,0.1875
93,185,1.1875
93,186,0.6875
93,187,0.6875
93,188,0.5
94,95,0.5
94,96,0.1875
94,97,0.6875
94,98,0.6875
94,99,1.1875
94,100,0.5
94,112,0.6875
94,113,1.1875
94,114,0.1875
94,115,0.6875
94,116,0.5
94,118,1
94,119,0.5
94,142,1
94,144,1.1875
94,147,1.1875
94,163,0.6875
94,166,1
94,168,0.6875
94,184,1.1875
94,187,1.1875
95,96,1.1875
95,98,1.1875
95,114,0.6875
95,119,1
95,121,0.6875
95,125,0.5
95,137,1.1875
95,139,1.1875
95,141,0.5
95,142,0.5
95,143,1
95,144,0.1875
95,145,0.6875
95,146,1.1875
95,147,0.6875
95,148,0.5
95,160,0.6875
95,161,1.1875
95,162,0.6875
95,163,0.1875
95,164,0.5
95,166,0.5
95,167,1
95,168,0.6875
95,184,1.1875
95,186,1.1875
95,193,1.1875
95,195,1.1875
95,211,0.6875
95,214,0.5
96,97,0.5
96,98,0.5
96,99,0.5
96,100,0.1875
96,101,1.1875
96,102,1.1875
96,103,1.1875
96,104,1
96,112,1
96,114,0.5
96,115,0.5
96,116,0.6875
96,118,0.6875
96,119,0.6875
96,120,1
96,168,1
97,98,0.5
97,99,0.5
97,100,0.1875
97,101,0.1875
97,102,0.6875
97,103,0.6875
97,105,1
97,113,1
97,114,0.5
97,115,0.5
97,116,0.6875
97,117,0.6875
97,118,0.1875
97,119,0.1875
97,120,0.5
97,121,1
97,122,0.5
97,124,0.6875
97,127,1.1875
97,138,0.5
97,140,1.1875
97,143,0.6875
97,166,1.1875
97,168,0.5
97,169,1
97,171,0.5
97,172,0.6875
97,174,1.1875
97,187,0.5
97,188,1.1875
97,190,0.6875
97,192,0.5
97,196,1.1875
98,99,0.5
98,100,0.1875
98,101,0.6875
98,102,0.6875
98,103,0.1875
98,104,0.5
98,105,0.5
98,106,1
98,108,0.6875
98,109,1.1875
98,114,1
98,118,1.1875
98,119,0.6875
98,122,1
98,147,0.5
98,148,1.1875
98,150,0.6875
98,166,1.1875
98,168,0.5
98,170,1
98,171,0.5
98,172,0.6875
98,174,1.1875
98,176,0.5
98,180,1.1875
99,100,0.1875
99,101,0.6875
99,102,0.1875
99,103,0.6875
99,104,0.5
99,105,0.5
99,107,1
99,108,0.6875
99,109,1.1875
99,115,1
99,118,0.6875
99,119,1.1875
99,120,0.5
99,122,0.5
99,123,1
99,124,0.6875
99,127,1.1875
99,128,0.5
99,132,1.1875
99,171,1
100,101,0.5
100,102,0.5
100,103,0.5
100,104,0.6875
100,105,0.6875
100,108,1
100,114,0.6875
100,115,0.6875
100,116,1
100,118,0.5
100,119,0.5
100,120,0.6875
100,122,0.6875
100,124,1
100,128,1.1875
100,138,1.1875
100,147,1.1875
100,168,0.6875
100,171,0.6875
100,172,1
100,176,1.1875
100,187,1.1875
100,192,1.1875
101,102,0.5
101,103,0.5
101,105,0.6875
101,109,1
101,114,1.1875
101,115,1.1875
101,117,1
101,118,0.5
101,119,0.5
101,120,0.6875
101,121,0.6875
101,122,0.1875
101,123,1.1875
101,124,0.5
101,125,1
101,127,0.5
101,128,1.1875
101,129,1.1875
101,138,0.6875
101,143,0.5
101,168,0.6875
101,169,0.6875
101,170,1.1875
101,171,0.1875
101,172,0.5
101,173,1
101,174,0.5
101,176,1.1875
101,177,1.1875
101,187,0.6875
101,190,0.5
101,192,0.1875
101,193,1.1875
101,194,0.6875
101,195,0.6875
101,196,0.5
101,200,0.6875
101,210,1.1875
101,211,1.1875
102,103,0.5
102,104,0.6875
102,105,0.1875
102,106,1.1875
102,107,0.6875
102,108,0.5
102,109,0.5
102,110,1
102,118,1
102,120,0.6875
102,121,1.1875
102,122,0.1875
102,123,0.6875
102,124,0.5
102,126,1
102,127,0.5
102,128,0.1875
102,129,0.6875
102,130,0.6875
102,131,1.1875
102,132,0.5
102,171,0.6875
102,174,1
102,176,1.1875
102,179,1.1875
102,192,1.1875
102,195,1.1875
102,200,0.6875
103,104,0.6875
103,105,0.1875
103,106,0.6875
103,107,1.1875
103,108,0.5
103,109,0.5
103,111,1
103,119,1
103,122,0.6875
103,127,1
103,128,1.1875
103,130,1.1875
103,147,0.6875
103,150,0.5
103,153,1.1875
103,155,1.1875
103,168,0.6875
103,169,1.1875
103,170,0.6875
103,171,0.1875
103,172,0.5
103,174,0.5
103,175,1
103,176,0.1875
103,177,0.6875
103,178,1.1875
103,179,0.6875
103,180,0.5
103,192,1.1875
103,194,1.1875
103,200,0.6875
104,105,0.5
104,106,0.5
104,107,0.5
104,108,0.1875
104,109,1.1875
104,110,1.1875
104,111,1.1875
104,112,1
104,128,1
104,176,1
105,106,0.5
105,107,0.5
105,108,0.1875
105,109,0.1875
105,110,0.6875
105,111,0.6875
105,113,1
105,122,0.5
105,124,1.1875
105,127,0.6875
105,128,0.5
105,129,1
105,130,0.5
105,132,0.6875
105,135,1.1875
105,150,1.1875
105,171,0.5
105,172,1.1875
105,174,0.6875
105,176,0.5
105,177,1
105,179,0.5
105,180,0.6875
105,182,1.1875
105,200,0.5
105,204,1.1875
106,107,0.5
106,108,0.1875
106,109,0.6875
106,110,0.6875
106,111,0.1875
106,112,0.5
106,113,0.5
106,114,1
106,116,0.6875
106,117,1.1875
106,130,1
106,150,1.1875
106,155,0.5
106,156,1.1875
106,158,0.6875
106,176,0.5
106,178,1
106,179,0.5
106,180,0.6875
106,182,1.1875
106,184,0.5
106,188,1.1875
107,108,0.1875
107,109,0.6875
107,110,0.1875
107,111,0.6875
107,112,0.5
107,113,0.5
107,115,1
107,116,0.6875
107,117,1.1875
107,128,0.5
107,130,0.5
107,131,1
107,132,0.6875
107,135,1.1875
107,136,0.5
107,140,1.1875
107,179,1
108,109,0.5
108,110,0.5
108,111,0.5
108,112,0.6875
108,113,0.6875
108,116,1
108,122,1.1875
108,128,0.6875
108,130,0.6875
108,132,1
108,136,1.1875
108,155,1.1875
108,171,1.1875
108,176,0.6875
108,179,0.6875
108,180,1
108,184,1.1875
108,200,1.1875
109,110,0.5
109,111,0.5
109,113,0.6875
109,117,1
109,122,0.6875
109,127,0.5
109,128,0.6875
109,129,0.6875
109,130,0.1875
109,131,1.1875
109,132,0.5
109,133,1
109,135,0.5
109,136,1.1875
109,137,1.1875
109,171,0.6875
109,174,0.5
109,176,0.6875
109,177,0.6875
109,178,1.1875
109,179,0.1875
109,180,0.5
109,181,1
109,182,0.5
109,184,1.1875
109,185,1.1875
109,194,1.1875
109,195,1.1875
109,200,0.1875
109,201,1.1875
109,202,0.6875
109,203,0.6875
109,204,0.5
109,208,0.6875
110,111,0.5
110,112,0.6875
110,113,0.1875
110,114,1.1875
110,115,0.6875
110,116,0.5
110,117,0.5
110,118,1
110,128,0.6875
110,129,1.1875
110,130,0.1875
110,131,0.6875
110,132,0.5
110,134,1
110,135,0.5
110,136,0.1875
110,137,0.6875
110,138,0.6875
110,139,1.1875
110,140,0.5
110,179,0.6875
110,182,1
110,184,1.1875
110,187,1.1875
110,200,1.1875
110,203,1.1875
110,208,0.6875
111,112,0.6875
111,113,0.1875
111,114,0.6875
111,115,1.1875
111,116,0.5
111,117,0.5
111,119,1
111,130,0.6875
111,135,1
111,136,1.1875
111,138,1.1875
111,155,0.6875
111,158,0.5
111,161,1.1875
111,163,1.1875
111,176,0.6875
111,177,1.1875
111,178,0.6875
111,179,0.1875
111,180,0.5
111,182,0.5
111,183,1
111,184,0.1875
111,185,0.6875
111,186,1.1875
111,187,0.6875
111,188,0.5
111,200,1.1875
111,202,1.1875
111,208,0.6875
112,113,0.5
112,114,0.5
112,115,0.5
112,116,0.1875
112,117,1.1875
112,118,1.1875
112,119,1.1875
112,136,1
112,184,1
113,114,0.5
113,115,0.5
113,116,0.1875
113,117,0.1875
113,118,0.6875
113,119,0.6875
113,130,0.5
113,132,1.1875
113,135,0.6875
113,136,0.5
113,137,1
113,138,0.5
113,140,0.6875
113,143,1.1875
113,158,1.1875
113,179,0.5
113,180,1.1875
113,182,0.6875
113,184,0.5
113,185,1
113,187,0.5
113,188,0.6875
113,190,1.1875
113,208,0.5
113,212,1.1875
114,115,0.5
114,116,0.1875
114,117,0.6875
114,118,0.6875
114,119,0.1875
114,138,1
114,158,1.1875
114,163,0.5
114,164,1.1875
114,166,0.6875
114,168,0.5
114,172,1.1875
114,184,0.5
114,186,1
114,187,0.5
114,188,0.6875
114,190,1.1875
115,116,0.1875
115,117,0.6875
115,118,0.1875
115,119,0.6875
115,120,0.5
115,124,1.1875
115,136,0.5
115,138,0.5
115,139,1
115,140,0.6875
115,143,1.1875
115,187,1
116,117,0.5
116,118,0.5
116,119,0.5
116,120,1.1875
116,130,1.1875
116,136,0.6875
116,138,0.6875
116,140,1
116,163,1.1875
116,168,1.1875
116,179,1.1875
116,184,0.6875
116,187,0.6875
116,188,1
116,208,1.1875
117,118,0.5
117,119,0.5
117,120,1.1875
117,121,1.1875
117,130,0.6875
117,135,0.5
117,136,0.6875
117,137,0.6875
117,138,0.1875
117,139,1.1875
117,140,0.5
117,141,1
117,143,0.5
117,168,1.1875
117,169,1.1875
117,179,0.6875
117,182,0.5
117,184,0.6875
117,185,0.6875
117,186,1.1875
117,187,0.1875
117,188,0.5
117,189,1
117,190,0.5
117,192,0.6875
117,202,1.1875
117,203,1.1875
117,208,0.1875
117,209,1.1875
117,210,0.6875
117,211,0.6875
117,212,0.5
118,119,0.5
118,120,0.1875
118,121,0.6875
118,122,0.6875
118,123,1.1875
118,124,0.5
118,136,0.6875
118,137,1.1875
118,138,0.1875
118,139,0.6875
118,140,0.5
118,142,1
118,143,0.5
118,168,1.1875
118,171,1.1875
118,187,0.6875
118,190,1
118,192,0.6875
118,208,1.1875
118,211,1.1875
119,120,1.1875
119,122,1.1875
119,138,0.6875
119,143,1
119,145,1.1875
119,147,1.1875
119,163,0.6875
119,166,0.5
119,168,0.1875
119,169,0.6875
119,170,1.1875
119,171,0.6875
119,172,0.5
119,184,0.6875
119,185,1.1875
119,186,0.6875
119,187,0.1875
119,188,0.5
119,190,0.5
119,191,1
119,192,0.6875
119,208,1.1875
119,210,1.1875
120,121,0.5
120,122,0.5
120,123,0.5
120,124,0.1875
120,125,1.1875
120,126,1.1875
120,127,1.1875
120,128,1
120,136,1
120,138,0.5
120,139,0.5
120,140,0.6875
120,142,0.6875
120,143,0.6875
120,192,1
121,122,0.5
121,123,0.5
121,124,0.1875
121,125,0.1875
121,126,0.6875
121,127,0.6875
121,129,1
121,137,1
121,138,0.5
121,139,0.5
121,140,0.6875
121,141,0.6875
121,142,0.1875
121,143,0.1875
121,144,0.5
121,148,1.1875
121,190,1.1875
121,192,0.5
121,193,1
121,195,0.5
121,196,0.6875
121,198,1.1875
121,211,0.5
121,212,1.1875
121,214,0.6875
122,123,0.5
122,124,0.1875
122,125,0.6875
122,126,0.6875
122,127,0.1875
122,128,0.5
122,129,0.5
122,130,1
122,132,0.6875
122,133,1.1875
122,138,1
122,142,1.1875
122,143,0.6875
122,171,0.5
122,172,1.1875
122,174,0.6875
122,190,1.1875
122,192,0.5
122,194,1
122,195,0.5
122,196,0.6875
122,198,1.1875
122,200,0.5
122,204,1.1875
123,124,0.1875
123,125,0.6875
123,126,0.1875
123,127,0.6875
123,128,0.5
123,129,0.5
123,131,1
123,132,0.6875
123,133,1.1875
123,139,1
123,142,0.6875
123,143,1.1875
123,195,1
124,125,0.5
124,126,0.5
124,127,0.5
124,128,0.6875
124,129,0.6875
124,132,1
124,138,0.6875
124,139,0.6875
124,140,1
124,142,0.5
124,143,0.5
124,144,1.1875
124,171,1.1875
124,192,0.6875
124,195,0.6875
124,196,1
124,200,1.1875
124,211,1.1875
125,126,0.5
125,127,0.5
125,129,0.6875
125,133,1
125,138,1.1875
125,139,1.1875
125,141,1
125,142,0.5
125,143,0.5
125,144,0.1875
125,145,1.1875
125,146,0.6875
125,147,0.6875
125,148,0.5
125,152,0.6875
125,162,1.1875
125,163,1.1875
125,192,0.6875
125,193,0.6875
125,194,1.1875
125,195,0.1875
125,196,0.5
125,197,1
125,198,0.5
125,200,1.1875
125,201,1.1875
125,211,0.6875
125,214,0.5
126,127,0.5
126,128,0.6875
126,129,0.1875
126,130,1.1875
126,131,0.6875
126,132,0.5
126,133,0.5
126,134,1
126,142,1
126,144,1.1875
126,147,1.1875
126,152,0.6875
126,195,0.6875
126,198,1
126,200,1.1875
126,203,1.1875
127,128,0.6875
127,129,0.1875
127,130,0.6875
127,131,1.1875
127,132,0.5
127,133,0.5
127,135,1
127,143,1
127,144,1.1875
127,146,1.1875
127,152,0.6875
127,171,0.6875
127,174,0.5
127,177,1.1875
127,179,1.1875
127,192,0.6875
127,193,1.1875
127,194,0.6875
127,195,0.1875
127,196,0.5
127,198,0.5
127,199,1
127,200,0.1875
127,201,0.6875
127,202,1.1875
127,203,0.6875
127,204,0.5
128,129,0.5
128,130,0.5
128,131,0.5
128,132,0.1875
128,133,1.1875
128,134,1.1875
128,135,1.1875
128,136,1
128,200,1
129,130,0.5
129,131,0.5
129,132,0.1875
129,133,0.1875
129,134,0.6875
129,135,0.6875
129,137,1
129,152,0.5
129,156,1.1875
129,174,1.1875
129,195,0.5
129,196,1.1875
129,198,0.6875
129,200,0.5
129,201,1
129,203,0.5
129,204,0.6875
129,206,1.1875
130,131,0.5
130,132,0.1875
130,133,0.6875
130,134,0.6875
130,135,0.1875
130,136,0.5
130,137,0.5
130,138,1
130,140,0.6875
130,141,1.1875
130,174,1.1875
130,179,0.5
130,180,1.1875
130,182,0.6875
130,200,0.5
130,202,1
130,203,0.5
130,204,0.6875
130,206,1.1875
130,208,0.5
130,212,1.1875
131,132,0.1875
131,133,0.6875
131,134,0.1875
131,135,0.6875
131,136,0.5
131,137,0.5
131,139,1
131,140,0.6875
131,141,1.1875
131,203,1
132,133,0.5
132,134,0.5
132,135,0.5
132,136,0.6875
132,137,0.6875
132,140,1
132,152,1.1875
132,179,1.1875
132,195,1.1875
132,200,0.6875
132,203,0.6875
132,204,1
132,208,1.1875
133,134,0.5
133,135,0.5
133,137,0.6875
133,141,1
133,146,1.1875
133,147,1.1875
133,152,0.1875
133,153,1.1875
133,154,0.6875
133,155,0.6875
133,156,0.5
133,160,0.6875
133,195,0.6875
133,198,0.5
133,200,0.6875
133,201,0.6875
133,202,1.1875
133,203,0.1875
133,204,0.5
133,205,1
133,206,0.5
133,208,1.1875
133,209,1.1875
134,135,0.5
134,136,0.6875
134,137,0.1875
134,138,1.1875
134,139,0.6875
134,140,0.5
134,141,0.5
134,142,1
134,152,1.1875
134,155,1.1875
134,160,0.6875
134,203,0.6875
134,206,1
134,208,1.1875
134,211,1.1875
135,136,0.6875
135,137,0.1875
135,138,0.6875
135,139,1.1875
135,140,0.5
135,141,0.5
135,143,1
135,152,1.1875
135,154,1.1875
135,160,0.6875
135,179,0.6875
135,182,0.5
135,185,1.1875
135,187,1.1875
135,200,0.6875
135,201,1.1875
135,202,0.6875
135,203,0.1875
135,204,0.5
135,206,0.5
135,207,1
135,208,0.1875
135,209,0.6875
135,210,1.1875
135,211,0.6875
135,212,0.5
136,137,0.5
136,138,0.5
136,139,0.5
136,140,0.1875
136,141,1.1875
136,142,1.1875
136,143,1.1875
136,208,1
137,138,0.5
137,139,0.5
137,140,0.1875
137,141,0.1875
137,142,0.6875
137,143,0.6875
137,160,0.5
137,164,1.1875
137,182,1.1875
137,203,0.5
137,204,1.1875
137,206,0.6875
137,208,0.5
137,209,1
137,211,0.5
137,212,0.6875
137,214,1.1875
138,139,0.5
138,140,0.1875
138,141,0.6875
138,142,0.6875
138,143,0.1875
138,182,1.1875
138,187,0.5
138,188,1.1875
138,190,0.6875
138,192,0.5
138,196,1.1875
138,208,0.5
138,210,1
138,211,0.5
138,212,0.6875
138,214,1.1875
139,140,0.1875
139,141,0.6875
139,142,0.1875
139,143,0.6875
139,211,1
140,141,0.5
140,142,0.5
140,143,0.5
140,160,1.1875
140,187,1.1875
140,192,1.1875
140,203,1.1875
140,208,0.6875
140,211,0.6875
140,212,1
141,142,0.5
141,143,0.5
141,144,0.6875
141,154,1.1875
141,155,1.1875
141,160,0.1875
141,161,1.1875
141,162,0.6875
141,163,0.6875
141,164,0.5
141,192,1.1875
141,193,1.1875
141,203,0.6875
141,206,0.5
141,208,0.6875
141,209,0.6875
141,210,1.1875
141,211,0.1875
141,212,0.5
141,213,1
141,214,0.5
142,143,0.5
142,144,0.6875
142,160,1.1875
142,163,1.1875
142,192,1.1875
142,195,1.1875
142,211,0.6875
142,214,1
143,144,0.6875
143,160,1.1875
143,162,1.1875
143,169,1.1875
143,171,1.1875
143,187,0.6875
143,190,0.5
143,192,0.1875
143,193,0.6875
143,194,1.1875
143,195,0.6875
143,196,0.5
143,208,0.6875
143,209,1.1875
143,210,0.6875
143,211,0.1875
143,212,0.5
143,214,0.5
143,215,1
144,145,0.5
144,146,0.5
144,147,0.5
144,148,0.1875
144,149,1.1875
144,150,1.1875
144,151,1.1875
144,152,1
144,160,1
144,162,0.5
144,163,0.5
144,164,0.6875
144,166,0.6875
144,167,0.6875
144,168,1
144,192,1
144,193,0.5
144,195,0.5
144,196,0.6875
144,197,0.6875
144,198,0.6875
144,211,0.5
144,212,1.1875
144,213,1.1875
144,214,0.1875
144,215,1.1875
145,146,0.5
145,147,0.5
145,148,0.1875
145,149,0.1875
145,150,0.6875
145,151,0.6875
145,153,1
145,161,1
145,162,0.5
145,163,0.5
145,164,0.6875
145,165,0.6875
145,166,0.1875
145,167,0.1875
145,168,0.5
145,169,1
145,170,0.5
145,172,0.6875
145,175,1.1875
145,186,0.5
145,188,1.1875
145,191,0.6875
145,193,1
145,197,0.6875
145,198,1.1875
145,213,1.1875
145,214,0.6875
146,147,0.5
146,148,0.1875
146,149,0.6875
146,150,0.6875
146,151,0.1875
146,152,0.5
146,153,0.5
146,154,1
146,156,0.6875
146,157,1.1875
146,162,1
146,166,1.1875
146,167,0.6875
146,170,1
146,193,0.5
146,194,1
146,195,0.5
146,196,0.6875
146,197,0.1875
146,198,0.1875
146,199,0.6875
146,201,0.5
146,204,1.1875
146,205,0.6875
146,214,0.6875
146,215,1.1875
147,148,0.1875
147,149,0.6875
147,150,0.1875
147,151,0.6875
147,152,0.5
147,153,0.5
147,155,1
147,156,0.6875
147,157,1.1875
147,163,1
147,166,0.6875
147,167,1.1875
147,168,0.5
147,170,0.5
147,171,1
147,172,0.6875
147,175,1.1875
147,176,0.5
147,180,1.1875
147,195,1
147,197,1.1875
147,198,0.6875
147,214,1.1875
148,149,0.5
148,150,0.5
148,151,0.5
148,152,0.6875
148,153,0.6875
148,156,1
148,162,0.6875
148,163,0.6875
148,164,1
148,166,0.5
148,167,0.5
148,168,0.6875
148,170,0.6875
148,172,1
148,176,1.1875
148,186,1.1875
148,193,0.6875
148,195,0.6875
148,196,1
148,197,0.5
148,198,0.5
148,201,1.1875
148,211,1.1875
148,214,0.5
149,150,0.5
149,151,0.5
149,153,0.6875
149,157,1
149,162,1.1875
149,163,1.1875
149,165,1
149,166,0.5
149,167,0.5
149,168,0.6875
149,169,0.6875
149,170,0.1875
149,171,1.1875
149,172,0.5
149,173,1
149,175,0.5
149,176,1.1875
149,177,1.1875
149,186,0.6875
149,191,0.5
149,197,1
150,151,0.5
150,152,0.6875
150,153,0.1875
150,154,1.1875
150,155,0.6875
150,156,0.5
150,157,0.5
150,158,1
150,166,1
150,168,0.6875
150,169,1.1875
150,170,0.1875
150,171,0.6875
150,172,0.5
150,174,1
150,175,0.5
150,176,0.1875
150,177,0.6875
150,178,0.6875
150,179,1.1875
150,180,0.5
150,198,1
151,152,0.6875
151,153,0.1875
151,154,0.6875
151,155,1.1875
151,156,0.5
151,157,0.5
151,159,1
151,167,1
151,170,0.6875
151,175,1
151,176,1.1875
151,178,1.1875
151,193,1.1875
151,195,1.1875
151,197,0.5
151,198,0.5
151,199,1
151,201,0.6875
151,205,0.5
152,153,0.5
152,154,0.5
152,155,0.5
152,156,0.1875
152,157,1.1875
152,158,1.1875
152,159,1.1875
152,160,1
152,176,1
152,195,0.5
152,196,1.1875
152,197,1.1875
152,198,0.1875
152,199,1.1875
152,200,1
152,201,0.5
152,203,0.5
152,204,0.6875
152,205,0.6875
152,206,0.6875
153,154,0.5
153,155,0.5
153,156,0.1875
153,157,0.1875
153,158,0.6875
153,159,0.6875
153,161,1
153,170,0.5
153,172,1.1875
153,175,0.6875
153,176,0.5
153,177,1
153,178,0.5
153,180,0.6875
153,183,1.1875
153,197,1.1875
153,198,0.6875
153,201,1
153,205,0.6875
153,206,1.1875
154,155,0.5
154,156,0.1875
154,157,0.6875
154,158,0.6875
154,159,0.1875
154,160,0.5
154,161,0.5
154,162,1
154,164,0.6875
154,165,1.1875
154,178,1
154,198,0.6875
154,199,1.1875
154,201,0.5
154,202,1
154,203,0.5
154,204,0.6875
154,205,0.1875
154,206,0.1875
154,207,0.6875
154,209,0.5
154,212,1.1875
154,213,0.6875
155,156,0.1875
155,157,0.6875
155,158,0.1875
155,159,0.6875
155,160,0.5
155,161,0.5
155,163,1
155,164,0.6875
155,165,1.1875
155,176,0.5
155,178,0.5
155,179,1
155,180,0.6875
155,183,1.1875
155,184,0.5
155,188,1.1875
155,198,1.1875
155,203,1
155,205,1.1875
155,206,0.6875
156,157,0.5
156,158,0.5
156,159,0.5
156,160,0.6875
156,161,0.6875
156,164,1
156,170,1.1875
156,176,0.6875
156,178,0.6875
156,180,1
156,184,1.1875
156,195,1.1875
156,198,0.5
156,201,0.6875
156,203,0.6875
156,204,1
156,205,0.5
156,206,0.5
156,209,1.1875
157,158,0.5
157,159,0.5
157,161,0.6875
157,165,1
157,170,0.6875
157,175,0.5
157,176,0.6875
157,177,0.6875
157,178,0.1875
157,179,1.1875
157,180,0.5
157,181,1
157,183,0.5
157,184,1.1875
157,185,1.1875
157,205,1
158,159,0.5
158,160,0.6875
158,161,0.1875
158,162,1.1875
158,163,0.6875
158,164,0.5
158,165,0.5
158,166,1
158,176,0.6875
158,177,1.1875
158,178,0.1875
158,179,0.6875
158,180,0.5
158,182,1
158,183,0.5
158,184,0.1875
158,185,0.6875
158,186,0.6875
158,187,1.1875
158,188,0.5
158,206,1
159,160,0.6875
159,161,0.1875
159,162,0.6875
159,163,1.1875
159,164,0.5
159,165,0.5
159,167,1
159,178,0.6875
159,183,1
159,184,1.1875
159,186,1.1875
159,201,1.1875
159,203,1.1875
159,205,0.5
159,206,0.5
159,207,1
159,209,0.6875
159,213,0.5
160,161,0.5
160,162,0.5
160,163,0.5
160,164,0.1875
160,165,1.1875
160,166,1.1875
160,167,1.1875
160,184,1
160,203,0.5
160,204,1.1875
160,205,1.1875
160,206,0.1875
160,207,1.1875
160,208,1
160,209,0.5
160,211,0.5
160,212,0.6875
160,213,0.6875
160,214,0.6875
161,162,0.5
161,163,0.5
161,164,0.1875
161,165,0.1875
161,166,0.6875
161,167,0.6875
161,178,0.5
161,180,1.1875
161,183,0.6875
161,184,0.5
161,185,1
161,186,0.5
161,188,0.6875
161,191,1.1875
161,205,1.1875
161,206,0.6875
161,209,1
161,213,0.6875
161,214,1.1875
162,163,0.5
162,164,0.1875
162,165,0.6875
162,166,0.6875
162,167,0.1875
162,186,1
162,193,0.5
162,196,1.1875
162,197,0.6875
162,206,0.6875
162,207,1.1875
162,209,0.5
162,210,1
162,211,0.5
162,212,0.6875
162,213,0.1875
162,214,0.1875
162,215,0.6875
163,164,0.1875
163,165,0.6875
163,166,0.1875
163,167,0.6875
163,168,0.5
163,172,1.1875
163,184,0.5
163,186,0.5
163,187,1
163,188,0.6875
163,191,1.1875
163,206,1.1875
163,211,1
163,213,1.1875
163,214,0.6875
164,165,0.5
164,166,0.5
164,167,0.5
164,168,1.1875
164,178,1.1875
164,184,0.6875
164,186,0.6875
164,188,1
164,193,1.1875
164,203,1.1875
164,206,0.5
164,209,0.6875
164,211,0.6875
164,212,1
164,213,0.5
164,214,0.5
165,166,0.5
165,167,0.5
165,168,1.1875
165,169,1.1875
165,178,0.6875
165,183,0.5
165,184,0.6875
165,185,0.6875
165,186,0.1875
165,187,1.1875
165,188,0.5
165,189,1
165,191,0.5
165,213,1
166,167,0.5
166,168,0.1875
166,169,0.6875
166,170,0.6875
166,171,1.1875
166,172,0.5
166,184,0.6875
166,185,1.1875
166,186,0.1875
166,187,0.6875
166,188,0.5
166,190,1
166,191,0.5
166,214,1
167,168,1.1875
167,170,1.1875
167,186,0.6875
167,191,1
167,193,0.6875
167,197,0.5
167,209,1.1875
167,211,1.1875
167,213,0.5
167,214,0.5
167,215,1
168,169,0.5
168,170,0.5
168,171,0.5
168,172,0.1875
168,173,1.1875
168,174,1.1875
168,175,1.1875
168,176,1
168,184,1
168,186,0.5
168,187,0.5
168,188,0.6875
168,190,0.6875
168,191,0.6875
168,192,1
169,170,0.5
169,171,0.5
169,172,0.1875
169,173,0.1875
169,174,0.6875
169,175,0.6875
169,177,1
169,185,1
169,186,0.5
169,187,0.5
169,188,0.6875
169,189,0.6875
169,190,0.1875
169,191,0.1875
169,192,0.5
169,193,1
169,194,0.5
169,196,0.6875
169,199,1.1875
169,210,0.5
169,212,1.1875
169,215,0.6875
170,171,0.5
170,172,0.1875
170,173,0.6875
170,174,0.6875
170,175,0.1875
170,176,0.5
170,177,0.5
170,178,1
170,180,0.6875
170,181,1.1875
170,186,1
170,190,1.1875
170,191,0.6875
170,194,1
171,172,0.1875
171,173,0.6875
171,174,0.1875
171,175,0.6875
171,176,0.5
171,177,0.5
171,179,1
171,180,0.6875
171,181,1.1875
171,187,1
171,190,0.6875
171,191,1.1875
171,192,0.5
171,194,0.5
171,195,1
171,196,0.6875
171,199,1.1875
171,200,0.5
171,204,1.1875
172,173,0.5
172,174,0.5
172,175,0.5
172,176,0.6875
172,177,0.6875
172,180,1
172,186,0.6875
172,187,0.6875
172,188,1
172,190,0.5
172,191,0.5
172,192,0.6875
172,194,0.6875
172,196,1
172,200,1.1875
172,210,1.1875
173,174,0.5
173,175,0.5
173,177,0.6875
173,181,1
173,186,1.1875
173,187,1.1875
173,189,1
173,190,0.5
173,191,0.5
173,192,0.6875
173,193,0.6875
173,194,0.1875
173,195,1.1875
173,196,0.5
173,197,1
173,199,0.5
173,200,1.1875
173,201,1.1875
173,210,0.6875
173,215,0.5
174,175,0.5
174,176,0.6875
174,177,0.1875
174,178,1.1875
174,179,0.6875
174,180,0.5
174,181,0.5
174,182,1
174,190,1
174,192,0.6875
174,193,1.1875
174,194,0.1875
174,195,0.6875
174,196,0.5
174,198,1
174,199,0.5
174,200,0.1875
174,201,0.6875
174,202,0.6875
174,203,1.1875
174,204,0.5
175,176,0.6875
175,177,0.1875
175,178,0.6875
175,179,1.1875
175,180,0.5
175,181,0.5
175,183,1
175,191,1
175,194,0.6875
175,199,1
175,200,1.1875
175,202,1.1875
176,177,0.5
176,178,0.5
176,179,0.5
176,180,0.1875
176,181,1.1875
176,182,1.1875
176,183,1.1875
176,184,1
176,200,1
177,178,0.5
177,179,0.5
177,180,0.1875
177,181,0.1875
177,182,0.6875
177,183,0.6875
177,185,1
177,194,0.5
177,196,1.1875
177,199,0.6875
177,200,0.5
177,201,1
177,202,0.5
177,204,0.6875
177,207,1.1875
178,179,0.5
178,180,0.1875
178,181,0.6875
178,182,0.6875
178,183,0.1875
178,184,0.5
178,185,0.5
178,186,1
178,188,0.6875
178,189,1.1875
178,202,1
179,180,0.1875
179,181,0.6875
179,182,0.1875
179,183,0.6875
179,184,0.5
179,185,0.5
179,187,1
179,188,0.6875
179,189,1.1875
179,200,0.5
179,202,0.5
179,203,1
179,204,0.6875
179,207,1.1875
179,208,0.5
179,212,1.1875
180,181,0.5
180,182,0.5
180,183,0.5
180,184,0.6875
180,185,0.6875
180,188,1
180,194,1.1875
180,200,0.6875
180,202,0.6875
180,204,1
180,208,1.1875
181,182,0.5
181,183,0.5
181,185,0.6875
181,189,1
181,194,0.6875
181,199,0.5
181,200,0.6875
181,201,0.6875
181,202,0.1875
181,203,1.1875
181,204,0.5
181,205,1
181,207,0.5
181,208,1.1875
181,209,1.1875
182,183,0.5
182,184,0.6875
182,185,0.1875
182,186,1.1875
182,187,0.6875
182,188,0.5
182,189,0.5
182,190,1
182,200,0.6875
182,201,1.1875
182,202,0.1875
182,203,0.6875
182,204,0.5
182,206,1
182,207,0.5
182,208,0.1875
182,209,0.6875
182,210,0.6875
182,211,1.1875
182,212,0.5
183,184,0.6875
183,185,0.1875
183,186,0.6875
183,187,1.1875
183,188,0.5
183,189,0.5
183,191,1
183,202,0.6875
183,207,1
183,208,1.1875
183,210,1.1875
184,185,0.5
184,186,0.5
184,187,0.5
184,188,0.1875
184,189,1.1875
184,190,1.1875
184,191,1.1875
184,208,1
185,186,0.5
185,187,0.5
185,188,0.1875
185,189,0.1875
185,190,0.6875
185,191,0.6875
185,202,0.5
185,204,1.1875
185,207,0.6875
185,208,0.5
185,209,1
185,210,0.5
185,212,0.6875
185,215,1.1875
186,187,0.5
186,188,0.1875
186,189,0.6875
186,190,0.6875
186,191,0.1875
186,210,1
187,188,0.1875
187,189,0.6875
187,190,0.1875
187,191,0.6875
187,192,0.5
187,196,1.1875
187,208,0.5
187,210,0.5
187,211,1
187,212,0.6875
187,215,1.1875
188,189,0.5
188,190,0.5
188,191,0.5
188,192,1.1875
188,202,1.1875
188,208,0.6875
188,210,0.6875
188,212,1
189,190,0.5
189,191,0.5
189,192,1.1875
189,193,1.1875
189,202,0.6875
189,207,0.5
189,208,0.6875
189,209,0.6875
189,210,0.1875
189,211,1.1875
189,212,0.5
189,213,1
189,215,0.5
190,191,0.5
190,192,0.1875
190,193,0.6875
190,194,0.6875
190,195,1.1875
190,196,0.5
190,208,0.6875
190,209,1.1875
190,210,0.1875
190,211,0.6875
190,212,0.5
190,214,1
190,215,0.5
191,192,1.1875
191,194,1.1875
191,210,0.6875
191,215,1
192,193,0.5
192,194,0.5
192,195,0.5
192,196,0.1875
192,197,1.1875
192,198,1.1875
192,199,1.1875
192,200,1
192,208,1
192,210,0.5
192,211,0.5
192,212,0.6875
192,214,0.6875
192,215,0.6875
193,194,0.5
193,195,0.5
193,196,0.1875
193,197,0.1875
193,198,0.6875
193,199,0.6875
193,201,1
193,209,1
193,210,0.5
193,211,0.5
193,212,0.6875
193,213,0.6875
193,214,0.1875
193,215,0.1875
194,195,0.5
194,196,0.1875
194,197,0.6875
194,198,0.6875
194,199,0.1875
194,200,0.5
194,201,0.5
194,202,1
194,204,0.6875
194,205,1.1875
194,210,1
194,214,1.1875
194,215,0.6875
195,196,0.1875
195,197,0.6875
195,198,0.1875
195,199,0.6875
195,200,0.5
195,201,0.5
195,203,1
195,204,0.6875
195,205,1.1875
195,211,1
195,214,0.6875
195,215,1.1875
196,197,0.5
196,198,0.5
196,199,0.5
196,200,0.6875
196,201,0.6875
196,204,1
196,210,0.6875
196,211,0.6875
196,212,1
196,214,0.5
196,215,0.5
197,198,0.5
197,199,0.5
197,201,0.6875
197,205,1
197,210,1.1875
197,211,1.1875
197,213,1
197,214,0.5
197,215,0.5
198,199,0.5
198,200,0.6875
198,201,0.1875
198,202,1.1875
198,203,0.6875
198,204,0.5
198,205,0.5
198,206,1
198,214,1
199,200,0.6875
199,201,0.1875
199,202,0.6875
199,203,1.1875
199,204,0.5
199,205,0.5
199,207,1
199,215,1
200,201,0.5
200,202,0.5
200,203,0.5
200,204,0.1875
200,205,1.1875
200,206,1.1875
200,207,1.1875
200,208,1
201,202,0.5
201,203,0.5
201,204,0.1875
201,205,0.1875
201,206,0.6875
201,207,0.6875
201,209,1
202,203,0.5
202,204,0.1875
202,205,0.6875
202,206,0.6875
202,207,0.1875
202,208,0.5
202,209,0.5
202,210,1
202,212,0.6875
202,213,1.1875
203,204,0.1875
203,205,0.6875
203,206,0.1875
203,207,0.6875
203,208,0.5
203,209,0.5
203,211,1
203,212,0.6875
203,213,1.1875
204,205,0.5
204,206,0.5
204,207,0.5
204,208,0.6875
204,209,0.6875
204,212,1
205,206,0.5
205,207,0.5
205,209,0.6875
205,213,1
206,207,0.5
206,208,0.6875
206,209,0.1875
206,210,1.1875
206,211,0.6875
206,212,0.5
206,213,0.5
206,214,1
207,208,0.6875
207,209,0.1875
207,210,0.6875
207,211,1.1875
207,212,0.5
207,213,0.5
207,215,1
208,209,0.5
208,210,0.5
208,211,0.5
208,212,0.1875
208,213,1.1875
208,214,1.1875
208,215,1.1875
209,210,0.5
209,211,0.5
209,212,0.1875
209,213,0.1875
209,214,0.6875
209,215,0.6875
210,211,0.5
210,212,0.1875
210,213,0.6875
210,214,0.6875
210,215,0.1875
211,212,0.1875
211,213,0.6875
211,214,0.1875
211,215,0.6875
212,213,0.5
212,214,0.5
212,215,0.5
213,214,0.5
213,215,0.5
214,215,0.5
